date,fire_frp_sum,fire_frp_sum_tomorrow,wind_speed,wind_dir,pm25,latitude,longitude
2025-01-01,1399.4,4478.8,3.8856654,327.33905,35.37222222222223,34.08663122280545,-118.23715344444446
2025-01-02,4478.8,886.1,3.4388947,328.81516,18.8,34.11124900055662,-118.24442209090908
2025-01-03,886.1,3397.8,9.292255,180.32007,19.581818181818182,34.11124900055662,-118.24442209090908
2025-01-04,3397.8,3088.0,10.182337,114.59477,21.90666666666667,34.09503606719143,-118.24118733333333
2025-01-05,3088.0,997.6,5.318383,351.86996,13.633333333333333,34.09028341724969,-118.24077916666666
2025-01-06,997.6,84.8,6.330782,90.00001,11.416666666666666,34.09028341724969,-118.24077916666666
2025-01-07,84.8,173.0,11.440979,215.12216,15.438888888888888,34.08663122280545,-118.23715344444446
2025-01-08,173.0,2121.1,29.335579,285.5779,38.054545454545455,34.08536827336329,-118.27627181818183
2025-01-09,2121.1,2409.1,20.65848,315.80685,38.59090909090909,34.08536827336329,-118.27627181818183
2025-01-10,2409.1,846.5,9.5535755,5.617521,29.566666666666666,34.09503606719143,-118.24118733333333
2025-01-11,846.5,570.8,10.897063,80.2868,18.641666666666666,34.09028341724969,-118.24077916666666
2025-01-12,570.8,889.3,10.8792095,297.3776,11.825000000000001,34.09028341724969,-118.24077916666666
2025-01-13,889.3,202.79999999999998,11.236671,212.32439,7.557894736842105,34.07468547428272,-118.23523521052633
2025-01-14,202.79999999999998,1332.7,10.948973,12.011493,8.791666666666666,34.09028341724969,-118.24077916666666
2025-01-15,1332.7,489.9,9.939196,310.6012,9.466666666666667,34.09028341724969,-118.24077916666666
2025-01-16,489.9,1787.3,10.601679,315.72507,9.893333333333334,34.09503606719143,-118.24118733333333
2025-01-17,1787.3,2347.6,9.7565975,105.461266,11.441666666666668,34.09028341724969,-118.24077916666666
2025-01-18,2347.6,1095.9,6.279395,109.148224,16.75,34.09028341724969,-118.24077916666666
2025-01-19,1095.9,4187.1,9.396275,235.27525,21.526315789473685,34.07468547428272,-118.23523521052633
2025-01-20,4187.1,1637.7,9.044888,70.09154,12.6,34.09028341724969,-118.24077916666666
2025-01-21,1637.7,2100.6,9.0018,50.9784,7.2749999999999995,34.09028341724969,-118.24077916666666
2025-01-22,2100.6,450.4,8.452336,17.402712,8.714285714285714,34.09706792907111,-118.24220928571428
2025-01-23,450.4,446.3,8.656858,218.38655,9.808333333333334,34.09028341724969,-118.24077916666666
2025-01-24,446.3,861.5,9.54679,30.963669,6.8,34.09028341724969,-118.24077916666666
2025-01-25,861.5,1177.1,16.454994,137.4141,10.947368421052632,34.07468547428272,-118.23523521052633
2025-01-26,1177.1,1528.7,13.339445,126.53468,4.933333333333334,34.09028341724969,-118.24077916666666
2025-01-27,1528.7,2208.5,11.7,87.79088,5.708333333333333,34.09028341724969,-118.24077916666666
2025-01-28,2208.5,5494.3,9.939196,48.277718,11.379999999999999,34.09503606719143,-118.24118733333333
2025-01-29,5494.3,10153.4,7.4346757,91.261826,11.490909090909092,34.11124900055662,-118.24442209090908
2025-01-30,10153.4,11311.1,8.827344,91.250725,13.883333333333333,34.09028341724969,-118.24077916666666
2025-01-31,11311.1,4671.3,6.638072,263.68668,16.44736842105263,34.07468547428272,-118.23523521052633
2025-02-01,4671.3,1355.0,8.43699,217.01073,16.566666666666666,34.09028341724969,-118.24077916666666
2025-02-02,1355.0,4813.3,6.873078,125.589066,22.700000000000003,34.09028341724969,-118.24077916666666
2025-02-03,4813.3,1301.3,9.085988,209.02216,16.546666666666667,34.09503606719143,-118.24118733333333
2025-02-04,1301.3,2115.9,9.028754,170.77179,6.966666666666666,34.09028341724969,-118.24077916666666
2025-02-05,2115.9,4780.9,10.8792095,124.627914,4.358333333333333,34.09028341724969,-118.24077916666666
2025-02-06,4780.9,8542.8,10.957847,170.36888,3.4529411764705884,34.07563788291881,-118.23621817647059
2025-02-07,8542.8,3316.3,13.985663,134.17229,3.15,34.11571490052469,-118.2461763
2025-02-08,3316.3,1508.4,6.050785,118.37912,8.590909090909092,34.11124900055662,-118.24442209090908
2025-02-09,1508.4,1538.8000000000002,4.175069,347.97772,10.600000000000001,34.11025223130754,-118.25306946153844
2025-02-10,1538.8000000000002,399.3,9.432412,127.55322,9.272727272727273,34.11124900055662,-118.24442209090908
2025-02-11,399.3,1783.6,15.951087,153.588,7.01,34.11571490052469,-118.2461763
2025-02-12,1783.6,6333.6,14.275713,105.75127,5.0,34.090639467191366,-118.23920813333332
2025-02-13,6333.6,11213.2,17.548845,133.29271,2.21,34.11571490052469,-118.2461763
2025-02-14,11213.2,4964.7,21.273533,220.55904,5.854545454545455,34.11124900055662,-118.24442209090908
2025-02-15,4964.7,913.1999999999999,13.822546,314.52264,8.766666666666667,34.09503606719143,-118.24118733333333
2025-02-16,913.1999999999999,220.7,5.0975285,343.61038,10.458333333333334,34.09028341724969,-118.24077916666666
2025-02-17,220.7,9298.9,5.5567255,91.00509,11.825000000000001,34.09028341724969,-118.24077916666666
2025-02-18,9298.9,12415.4,7.486788,102.42595,10.547368421052632,34.07468547428272,-118.23523521052633
2025-02-19,12415.4,32554.0,5.896202,331.48877,13.627272727272727,34.11124900055662,-118.24442209090908
2025-02-20,32554.0,25146.1,6.8423676,67.919495,10.527272727272727,34.092437364192755,-118.24204272727273
2025-02-21,25146.1,13512.2,7.7043357,269.09778,8.461538461538462,34.115329923547854,-118.24540176923077
2025-02-22,13512.2,17299.0,8.0899935,337.71994,10.870000000000001,34.095022100524446,-118.243559
2025-02-23,17299.0,23334.9,5.509882,345.8445,13.680000000000001,34.095022100524446,-118.243559
2025-02-24,23334.9,23818.6,10.34178,246.12466,13.170588235294119,34.07563788291881,-118.23621817647059
2025-02-25,23818.6,65511.6,7.42159,133.86194,7.970000000000001,34.095022100524446,-118.243559
2025-02-26,65511.6,56993.9,7.6579366,201.80138,10.288888888888888,34.12117322270789,-118.24832033333334
2025-02-27,56993.9,10585.3,7.5942073,327.61362,7.66,34.09503606719143,-118.24118733333333
2025-02-28,10585.3,3246.2,13.690654,85.21162,7.833333333333333,34.09028341724969,-118.24077916666666
2025-02-28,3246.2,2553.7,13.690654,85.21162,7.833333333333333,34.09028341724969,-118.24077916666666
2025-03-01,2553.7,7807.9,11.996699,195.94542,7.983333333333333,34.09028341724969,-118.24077916666666
2025-03-02,7807.9,2420.1,19.249905,187.72787,5.75,34.09029505613884,-118.23880277777776
2025-03-03,2420.1,3232.0,19.721298,284.02222,5.375,34.09028341724969,-118.24077916666666
2025-03-04,3232.0,5728.3,14.57889,17.919073,7.416666666666667,34.09028341724969,-118.24077916666666
2025-03-05,5728.3,8252.7,13.971756,191.35411,8.77142857142857,34.09235292913367,-118.2493292857143
2025-03-06,8252.7,2092.4,18.037762,238.13237,3.6833333333333336,34.09028341724969,-118.24077916666666
2025-03-07,2092.4,713.5,12.303366,291.77383,5.8500000000000005,34.09028341724969,-118.24077916666666
2025-03-08,713.5,3326.6,9.67657,63.78599,8.155555555555557,34.09029505613884,-118.23880277777776
2025-03-09,3326.6,10430.1,8.863972,259.31497,8.700000000000001,34.11124900055662,-118.24442209090908
2025-03-10,10430.1,13714.9,10.993271,213.30594,7.472727272727273,34.11124900055662,-118.24442209090908
2025-03-11,13714.9,23397.1,16.507088,115.58634,4.1,34.10512530823061,-118.22187253846154
2025-03-12,23397.1,11511.3,15.536408,132.1563,3.3333333333333335,34.09028341724969,-118.24077916666666
2025-03-13,11511.3,21737.5,19.778715,206.75359,2.7399999999999998,34.13223500052489,-118.2483643
2025-03-14,21737.5,8835.7,16.940096,94.27943,4.3625,34.07345506310145,-118.221448125
2025-03-15,8835.7,5514.5,12.9625,251.11386,8.327272727272726,34.06363281881784,-118.21463181818181
2025-03-16,5514.5,9857.0,7.674842,116.889915,11.0,34.06363281881784,-118.21463181818181
2025-03-17,9857.0,19059.7,12.232057,219.11865,9.928571428571429,34.07443578627653,-118.22067214285714
2025-03-18,19059.7,48427.8,17.419127,276.39383,4.8545454545454545,34.06363281881784,-118.21463181818181
2025-03-19,48427.8,54130.6,14.22,330.07333,5.391666666666667,34.09028341724969,-118.24077916666666
2025-03-20,54130.6,20718.1,13.920647,244.48611,7.927777777777777,34.09029505613884,-118.23880277777776
2025-03-21,20718.1,3091.9,12.287555,252.72295,8.027272727272727,34.092437364192755,-118.24204272727273
2025-03-22,3091.9,4097.5,14.450535,209.4166,9.141666666666667,34.09028341724969,-118.24077916666666
2025-03-23,4097.5,2311.2,10.018743,210.77911,12.671428571428573,34.11184850049985,-118.24407878571428
2025-03-24,2311.2,1859.5,11.837652,236.05922,10.627272727272727,34.11124900055662,-118.24442209090908
2025-03-25,1859.5,5899.2,12.855831,209.82831,11.318181818181818,34.11124900055662,-118.24442209090908
2025-03-26,5899.2,13793.2,10.783486,208.76105,8.15263157894737,34.07468547428272,-118.23523521052633
2025-03-27,13793.2,30142.6,15.435983,242.08792,4.358333333333333,34.09028341724969,-118.24077916666666
2025-03-28,30142.6,9383.6,16.997377,211.44374,8.108333333333333,34.09028341724969,-118.24077916666666
2025-03-29,9383.6,16658.6,12.688404,184.5113,7.693333333333333,34.09503606719143,-118.24118733333333
2025-03-30,16658.6,1044.4,12.708815,227.9867,5.3999999999999995,34.09028341724969,-118.24077916666666
2025-03-31,1044.4,2625.3,13.393983,155.24753,3.4333333333333336,34.09028341724969,-118.24077916666666
2025-04-01,2625.3,9724.0,19.738539,264.7922,5.315789473684211,34.07468547428272,-118.23523521052633
2025-04-02,9724.0,6578.2,20.04476,280.30478,5.041666666666667,34.09028341724969,-118.24077916666666
2025-04-03,6578.2,41302.3,15.825675,151.48254,7.027272727272727,34.10745563692021,-118.24403181818182
2025-04-04,41302.3,47837.6,21.6457,234.33632,6.714285714285714,34.10886800049982,-118.24377214285714
2025-04-05,47837.6,14985.1,18.723461,240.02856,5.8,34.10745563692021,-118.24403181818182
2025-04-06,14985.1,8312.7,18.745079,206.56491,7.390909090909091,34.10745563692021,-118.24403181818182
2025-04-07,8312.7,19187.5,13.184308,185.78545,9.038888888888888,34.08431305613876,-118.23691494444444
2025-04-08,19187.5,18103.2,12.108261,200.39618,10.063636363636364,34.10745563692021,-118.24403181818182
2025-04-09,18103.2,9455.8,12.855831,199.61795,11.736363636363636,34.10745563692021,-118.24403181818182
2025-04-10,9455.8,4693.2,12.351987,201.29309,11.821428571428571,34.10886800049982,-118.24377214285714
2025-04-11,4693.2,30258.2,11.334285,196.57408,11.309999999999999,34.09827620061223,-118.215159
2025-04-12,30258.2,12005.9,12.383424,191.53456,13.87,34.09827620061223,-118.215159
2025-04-13,12005.9,20495.8,11.634741,193.45178,14.576470588235296,34.07755205944104,-118.21951229411764
2025-04-14,20495.8,10163.3,13.151091,207.50835,13.27,34.09827620061223,-118.215159
2025-04-15,10163.3,4098.3,12.346741,218.48024,11.07,34.09827620061223,-118.215159
2025-04-16,4098.3,8687.5,12.124306,224.39415,7.6499999999999995,34.10886800049982,-118.24377214285714
2025-04-17,8687.5,5169.3,12.534257,239.93976,6.3,34.10745563692021,-118.24403181818182
2025-04-18,5169.3,4224.2,12.0921955,223.06119,6.82,34.11154220052464,-118.24574700000001
2025-04-19,4224.2,2743.9,13.0447235,232.1351,8.435294117647059,34.085355588801285,-118.23750523529412
2025-04-20,2743.9,10642.2,13.184308,208.74529,9.239999999999998,34.11154220052464,-118.24574700000001
2025-04-21,10642.2,9922.6,13.3649235,205.23824,10.48,34.11154220052464,-118.24574700000001
2025-04-22,9922.6,14596.9,11.854062,208.16316,12.115384615384615,34.11212015431705,-118.24507153846153
2025-04-23,14596.9,14390.3,12.007498,194.94836,10.040000000000001,34.13223500052489,-118.2483643
2025-04-24,14390.3,8967.2,12.88981,196.748,9.627272727272727,34.10745563692021,-118.24403181818182
2025-04-25,8967.2,2305.4,14.810401,198.56197,6.972222222222222,34.08431305613876,-118.23691494444444
2025-04-26,2305.4,683.2,14.450535,215.42847,3.0727272727272723,34.10745563692021,-118.24403181818182
2025-04-27,683.2,631.5,13.513193,251.50856,3.8818181818181823,34.10745563692021,-118.24403181818182
2025-04-28,631.5,5063.7,12.791403,203.8126,6.723076923076923,34.10704246207673,-118.25273923076922
2025-04-29,5063.7,4020.1,13.33094,232.7155,9.254545454545456,34.10745563692021,-118.24403181818182
2025-04-30,4020.1,3115.4,12.819235,181.95247,11.24,34.13223500052489,-118.2483643
2025-05-01,3115.4,5940.9,13.004922,228.18872,9.083333333333334,34.08431305613876,-118.23691494444444
2025-05-02,5940.9,2016.6,10.819482,223.58368,9.118181818181817,34.10745563692021,-118.24403181818182
2025-05-03,2016.6,1100.3,13.633737,179.12132,7.945454545454546,34.10745563692021,-118.24403181818182
2025-05-04,1100.3,2479.3,11.13384,185.16763,8.085714285714285,34.10886800049982,-118.24377214285714
2025-05-05,2479.3,1587.6,11.923557,174.90695,8.327272727272726,34.10745563692021,-118.24403181818182
2025-05-06,1587.6,3727.2,9.9408245,173.88065,8.39090909090909,34.10745563692021,-118.24403181818182
2025-05-07,3727.2,4531.5,11.435313,247.59691,8.872222222222222,34.08431305613876,-118.23691494444444
2025-05-08,4531.5,7241.2,11.304229,211.60744,11.540000000000001,34.11154220052464,-118.24574700000001
2025-05-09,7241.2,3491.3,12.976239,220.60121,10.909090909090908,34.10745563692021,-118.24403181818182
2025-05-10,3491.3,3091.5,14.133152,197.11034,10.5,34.11212015431705,-118.24507153846153
2025-05-11,3091.5,3744.9,12.931218,203.52408,12.5,34.11154220052464,-118.24574700000001
2025-05-12,3744.9,4389.1,13.681184,171.64093,9.590909090909092,34.10745563692021,-118.24403181818182
2025-05-13,4389.1,7837.7,12.475961,203.30388,5.805555555555555,34.08431305613876,-118.23691494444444
2025-05-14,7837.7,2396.7,14.76439,207.3558,8.211111111111112,34.130888889472104,-118.29258699999998
2025-05-15,2396.7,10042.5,12.688404,198.97362,11.620000000000001,34.10376620061223,-118.283399
2025-05-16,10042.5,2613.3,12.932471,196.39868,12.623076923076923,34.10324423124002,-118.234598
2025-05-17,2613.3,7524.4,11.712454,170.31535,8.47,34.100003500524494,-118.2321314
2025-05-18,7524.4,3845.4,18.244045,190.77625,7.17,34.100003500524494,-118.2321314
2025-05-19,3845.4,3177.7,11.91812,214.26567,10.813333333333333,34.08511640058313,-118.21119773333334
2025-05-20,3177.7,5119.4,11.975074,186.01561,12.466666666666667,34.12670811159685,-118.235623
2025-05-21,5119.4,6448.7,14.766584,211.15576,12.372727272727273,34.10745563692021,-118.24403181818182
2025-05-22,6448.7,5775.6,12.283599,198.23166,13.653846153846153,34.101915538999805,-118.2215423076923
2025-05-23,5775.6,12037.8,11.7662735,190.0435,14.672727272727274,34.10745563692021,-118.24403181818182
2025-05-24,12037.8,9320.9,11.843124,178.28508,11.127272727272727,34.10745563692021,-118.24403181818182
2025-05-25,9320.9,4891.0,12.348051,191.05815,10.45,34.08431305613876,-118.23691494444444
2025-05-26,4891.0,2023.0,12.136325,206.45451,11.172727272727274,34.10745563692021,-118.24403181818182
2025-05-27,2023.0,4788.8,14.2575445,193.52434,10.236363636363636,34.10745563692021,-118.24403181818182
2025-05-28,4788.8,4720.4,15.589497,229.20673,10.057142857142859,34.10886800049982,-118.24377214285714
2025-05-29,4720.4,6359.5,11.282711,202.44278,9.581818181818182,34.10745563692021,-118.24403181818182
2025-05-30,6359.5,9028.4,11.808878,230.74678,10.409090909090908,34.10745563692021,-118.24403181818182
2025-05-31,9028.4,4404.9,12.362475,204.30888,14.311111111111112,34.08663122280545,-118.23715344444446
2025-06-01,4404.9,1488.7,14.766584,199.90381,9.909090909090908,34.11124900055662,-118.24442209090908
2025-06-02,1488.7,5466.6,12.932471,201.99004,6.636363636363637,34.11124900055662,-118.24442209090908
2025-06-03,5466.6,2109.8,12.140329,231.53065,8.22857142857143,34.11184850049985,-118.24407878571428
2025-06-04,2109.8,8468.3,12.007498,206.09004,8.381818181818183,34.092437364192755,-118.24204272727273
2025-06-05,8468.3,3886.4,12.145665,222.99048,7.154545454545455,34.092437364192755,-118.24204272727273
2025-06-06,3886.4,5366.1,13.413321,232.91742,9.2625,34.093258188046704,-118.240293125
2025-06-07,5366.1,8457.8,12.768586,227.6786,9.563636363636364,34.11724436419306,-118.247121
2025-06-08,8457.8,18771.3,11.132385,203.47653,10.136363636363637,34.11724436419306,-118.247121
2025-06-09,18771.3,4365.5,11.08572,181.19678,13.328571428571427,34.116559143357065,-118.24619935714284
2025-06-10,4365.5,5495.7,12.221457,201.52481,13.5,34.11724436419306,-118.247121
2025-06-11,5495.7,7640.9,12.261157,216.515,13.433333333333332,34.09028341724969,-118.24077916666666
2025-06-12,7640.9,18027.9,11.7,196.8938,11.376470588235295,34.085355588801285,-118.23750523529412
2025-06-13,18027.9,10322.5,12.399113,188.32555,13.090909090909092,34.10745563692021,-118.24403181818182
2025-06-14,10322.5,18727.7,12.819235,204.73872,13.658333333333333,34.09028341724969,-118.24077916666666
2025-06-15,18727.7,19814.3,12.108261,208.32487,14.513333333333332,34.09503606719143,-118.24118733333333
2025-06-16,19814.3,30131.8,10.957846,206.0457,15.924999999999999,34.09028341724969,-118.24077916666666
2025-06-17,30131.8,38534.9,12.108261,186.52263,14.727272727272727,34.092437364192755,-118.24204272727273
2025-06-18,38534.9,32386.6,13.004922,196.7465,15.158823529411764,34.085355588801285,-118.23750523529412
2025-06-19,32386.6,12576.1,12.931218,191.94034,13.633333333333333,34.09028341724969,-118.24077916666666
2025-06-20,12576.1,5776.6,11.855429,191.97609,13.154545454545454,34.092437364192755,-118.24204272727273
2025-06-21,5776.6,29017.2,13.14,170.64542,12.37857142857143,34.09706792907111,-118.24220928571428
2025-06-22,29017.2,16610.3,14.428097,199.0976,11.563636363636364,34.092437364192755,-118.24204272727273
2025-06-23,16610.3,10888.1,11.734564,172.8912,12.363636363636363,34.092437364192755,-118.24204272727273
2025-06-24,10888.1,28094.3,13.324863,198.15279,11.535294117647059,34.07563788291881,-118.23621817647059
2025-06-25,28094.3,79763.0,12.86087,205.9901,10.674999999999999,34.09028341724969,-118.24077916666666
2025-06-26,79763.0,93801.0,12.632101,201.53168,12.166666666666666,34.09028341724969,-118.24077916666666
2025-06-27,93801.0,48704.0,12.906138,210.42468,12.006666666666666,34.09503606719143,-118.24118733333333
2025-06-28,48704.0,16056.9,12.538134,214.50858,11.641666666666666,34.09028341724969,-118.24077916666666
2025-06-29,16056.9,18725.0,12.108261,215.44582,8.458333333333334,34.09028341724969,-118.24077916666666
2025-06-30,18725.0,22107.6,14.264361,208.24312,7.422222222222222,34.075135222805315,-118.23569938888889
2025-07-01,22107.6,35809.9,11.808878,207.40993,8.341666666666667,34.09028341724969,-118.24077916666666
2025-07-02,35809.9,14710.6,12.606426,208.42589,9.95,34.09028341724969,-118.24077916666666
2025-07-03,14710.6,2751.4,11.566313,184.37332,7.873333333333333,34.09503606719143,-118.24118733333333
2025-07-04,2751.4,8058.8,12.218805,217.1035,25.96666666666667,34.09028341724969,-118.24077916666666
2025-07-05,8058.8,35292.4,12.362475,199.2324,41.733333333333334,34.09028341724969,-118.24077916666666
2025-07-06,35292.4,107902.7,12.284918,205.25175,11.994444444444445,34.075135222805315,-118.23569938888889
2025-07-07,107902.7,54224.8,11.599879,214.22557,11.541666666666666,34.09028341724969,-118.24077916666666
2025-07-08,54224.8,30784.0,12.819235,222.09486,8.366666666666667,34.09028341724969,-118.24077916666666
2025-07-09,30784.0,28631.0,12.218805,199.8505,9.033333333333333,34.09503606719143,-118.24118733333333
2025-07-10,28631.0,50741.8,12.108261,202.22508,10.516666666666667,34.09028341724969,-118.24077916666666
2025-07-11,50741.8,83211.5,11.246759,188.23653,11.766666666666666,34.09028341724969,-118.24077916666666
2025-07-12,83211.5,74853.7,10.484903,185.29,11.536842105263156,34.07468547428272,-118.23523521052633
2025-07-13,74853.7,60061.4,11.843124,219.49712,10.674999999999999,34.09028341724969,-118.24077916666666
2025-07-14,60061.4,50044.7,13.004922,206.28207,9.341666666666667,34.09028341724969,-118.24077916666666
2025-07-15,50044.7,41348.3,11.837651,210.90729,6.573333333333333,34.09503606719143,-118.24118733333333
2025-07-16,41348.3,33690.1,11.391313,209.09972,4.958333333333333,34.09028341724969,-118.24077916666666
2025-07-17,33690.1,48325.7,12.601285,223.40747,4.991666666666666,34.09028341724969,-118.24077916666666
2025-07-18,48325.7,71380.1,11.988594,219.08667,6.294117647058823,34.07175494179386,-118.24208170588236
2025-07-19,71380.1,83236.6,12.688404,187.79507,8.075000000000001,34.09028341724969,-118.24077916666666
2025-07-20,83236.6,123862.4,12.061343,185.2291,8.408333333333333,34.09028341724969,-118.24077916666666
2025-07-21,123862.4,28572.2,11.1090765,196.72656,6.866666666666666,34.09503606719143,-118.24118733333333
2025-07-22,28572.2,81911.3,12.108261,203.25037,5.6499999999999995,34.09028341724969,-118.24077916666666
2025-07-23,81911.3,122269.8,12.768586,217.69981,6.433333333333334,34.09028341724969,-118.24077916666666
2025-07-24,122269.8,327827.8,13.15971,205.6754,5.094444444444445,34.075135222805315,-118.23569938888889
2025-07-25,327827.8,345984.6,13.619472,194.94127,5.008333333333334,34.09028341724969,-118.24077916666666
2025-07-26,345984.6,148777.8,11.414043,198.23558,5.291666666666667,34.09028341724969,-118.24077916666666
2025-07-27,148777.8,82042.3,12.708815,205.0115,6.08,34.09503606719143,-118.24118733333333
2025-07-28,82042.3,55733.5,12.601285,209.23463,7.441666666666666,34.09028341724969,-118.24077916666666
2025-07-29,55733.5,42070.9,14.275713,209.24286,8.916666666666666,34.09028341724969,-118.24077916666666
2025-07-30,42070.9,24866.3,11.843124,191.53815,10.0,34.075135222805315,-118.23569938888889
2025-07-31,24866.3,64835.4,12.261157,201.84955,10.041666666666666,34.09028341724969,-118.24077916666666
2025-08-01,64835.4,99683.0,11.808878,196.93727,9.709090909090909,34.092437364192755,-118.24204272727273
2025-08-02,99683.0,18077.4,11.328566,208.33252,12.666666666666666,34.09503606719143,-118.24118733333333
2025-08-03,18077.4,13542.5,11.844492,203.587,11.291666666666666,34.09028341724969,-118.24077916666666
2025-08-04,13542.5,65592.2,10.837435,199.97504,15.508333333333333,34.09028341724969,-118.24077916666666
2025-08-05,65592.2,101750.3,12.606426,203.07823,16.763157894736842,34.07468547428272,-118.23523521052633
2025-08-06,101750.3,89349.0,11.583108,205.2382,17.224999999999998,34.09028341724969,-118.24077916666666
2025-08-07,89349.0,28086.9,13.633737,213.09839,13.672727272727274,34.092437364192755,-118.24204272727273
2025-08-08,28086.9,44608.7,12.399113,197.15802,11.58,34.09503606719143,-118.24118733333333
2025-08-09,44608.7,77786.0,11.837651,211.86101,12.516666666666666,34.09028341724969,-118.24077916666666
2025-08-10,77786.0,34133.2,12.241323,199.43552,11.79090909090909,34.092437364192755,-118.24204272727273
2025-08-11,34133.2,26409.4,12.033103,197.15683,12.070588235294117,34.07563788291881,-118.23621817647059
2025-08-12,26409.4,27917.2,10.874742,187.84251,11.354545454545455,34.092437364192755,-118.24204272727273
2025-08-13,27917.2,27532.3,10.993271,203.6377,13.69090909090909,34.092437364192755,-118.24204272727273
2025-08-14,27532.3,7910.4,11.952054,200.11403,13.18,34.09503606719143,-118.24118733333333
2025-08-15,7910.4,9291.1,10.742848,172.95433,9.372727272727273,34.092437364192755,-118.24204272727273
2025-08-16,9291.1,15990.2,12.616702,194.59003,7.591666666666666,34.09028341724969,-118.24077916666666
2025-08-17,15990.2,69306.7,13.259049,202.37004,9.166666666666666,34.075135222805315,-118.23569938888889
2025-08-18,69306.7,23677.9,13.110376,203.94498,9.275,34.09028341724969,-118.24077916666666
2025-08-19,23677.9,25706.0,12.86087,208.49986,9.65,34.09028341724969,-118.24077916666666
2025-08-20,25706.0,49181.4,12.566526,210.27742,10.020000000000001,34.09503606719143,-118.24118733333333
2025-08-21,49181.4,76959.4,12.108261,206.565,11.466666666666667,34.09028341724969,-118.24077916666666
2025-08-22,76959.4,228067.3,14.14232,206.37077,12.691666666666665,34.09028341724969,-118.24077916666666
2025-08-23,228067.3,31915.2,13.5012,209.77377,13.168421052631578,34.07468547428272,-118.23523521052633
2025-08-24,31915.2,7359.3,13.3649235,203.94621,9.830769230769231,34.08413007752857,-118.22752692307692
2025-08-25,7359.3,10200.6,12.85205,206.9814,10.341666666666667,34.09028341724969,-118.24077916666666
2025-08-26,10200.6,30151.0,12.257194,201.11497,10.600000000000001,34.09866546207663,-118.26323923076923
2025-08-27,30151.0,60479.9,13.878688,218.3593,9.976923076923075,34.08413007752857,-118.22752692307692
2025-08-28,60479.9,25999.5,12.534257,194.6383,8.941666666666666,34.09028341724969,-118.24077916666666
2025-08-29,25999.5,24104.4,14.275713,205.20107,8.894444444444444,34.07826300058313,-118.24449827777777
2025-08-30,24104.4,41784.8,14.957339,213.02385,9.284615384615385,34.08413007752857,-118.22752692307692
2025-08-31,41784.8,53744.8,13.729647,215.64554,9.375,34.09028341724969,-118.24077916666666
2025-09-01,53744.8,37795.2,14.003028,209.63562,9.321428571428571,34.101089357642586,-118.25352214285714
2025-09-02,37795.2,40659.1,14.113652,217.27228,10.716666666666667,34.09028341724969,-118.24077916666666
2025-09-03,40659.1,37658.1,13.748513,194.95651,8.758333333333333,34.09028341724969,-118.24077916666666
2025-09-04,37658.1,83978.9,13.356437,210.87671,10.116666666666667,34.08431305613876,-118.23691494444444
2025-09-05,83978.9,69026.0,10.819482,203.49858,9.658333333333333,34.09028341724969,-118.24077916666666
2025-09-06,69026.0,77689.5,11.074023,211.96774,9.091666666666667,34.09028341724969,-118.24077916666666
2025-09-07,77689.5,175337.1,11.032987,210.68143,8.326666666666666,34.09503606719143,-118.24118733333333
2025-09-08,175337.1,149588.3,12.039833,203.51717,5.625,34.09028341724969,-118.24077916666666
2025-09-09,149588.3,295316.4,11.457958,175.09366,5.181818181818182,34.10745563692021,-118.24403181818182
2025-09-10,295316.4,60293.8,12.475961,183.5714,5.488888888888889,34.08431305613876,-118.23691494444444
2025-09-11,60293.8,27280.9,11.931705,197.12563,5.183333333333333,34.09028341724969,-118.24077916666666
2025-09-12,27280.9,7433.6,13.624228,185.96098,6.483333333333333,34.09028341724969,-118.24077916666666
2025-09-13,7433.6,14386.2,12.931218,197.72235,9.321428571428571,34.09235292913367,-118.2493292857143
2025-09-14,14386.2,4077.2000000000003,13.044722,203.2848,11.924999999999999,34.09028341724969,-118.24077916666666
2025-09-15,4077.2000000000003,2063.7,12.351987,206.90225,16.091666666666665,34.09028341724969,-118.24077916666666
2025-09-16,2063.7,3462.6,10.134495,216.30098,11.973684210526315,34.07468547428272,-118.23523521052633
2025-09-17,3462.6,5432.8,13.491598,217.39319,7.733333333333333,34.09028341724969,-118.24077916666666
2025-09-18,5432.8,14331.6,14.512064,139.3744,8.791666666666666,34.09028341724969,-118.24077916666666
2025-09-19,14331.6,18323.8,11.500296,192.30606,7.14,34.09503606719143,-118.24118733333333
2025-09-20,18323.8,4922.5,9.984729,235.92944,7.991666666666667,34.09028341724969,-118.24077916666666
2025-09-21,4922.5,7474.4,9.668195,218.34798,10.383333333333333,34.09028341724969,-118.24077916666666
2025-09-22,7474.4,10552.1,10.636766,233.2331,9.457894736842105,34.07468547428272,-118.23523521052633
2025-09-23,10552.1,18368.9,13.538345,239.58894,8.950000000000001,34.09028341724969,-118.24077916666666
2025-09-24,18368.9,6729.9,13.288341,230.6653,8.683333333333334,34.09028341724969,-118.24077916666666
2025-09-25,6729.9,17388.6,13.089354,198.37704,9.053333333333335,34.09503606719143,-118.24118733333333
2025-09-26,17388.6,15608.7,11.038858,155.30568,5.6499999999999995,34.09028341724969,-118.24077916666666
2025-09-27,15608.7,25543.6,11.983188,166.53816,6.233333333333333,34.09028341724969,-118.24077916666666
2025-09-28,25543.6,88799.3,12.242646,191.7321,6.657894736842105,34.07468547428272,-118.23523521052633
2025-09-29,88799.3,53142.5,11.720751,229.71484,6.483333333333333,34.09028341724969,-118.24077916666666
2025-09-30,53142.5,24152.1,13.110376,215.56763,9.183333333333334,34.09028341724969,-118.24077916666666
2025-10-01,24152.1,87041.9,11.919479,188.45332,6.155555555555555,34.13952888937477,-118.25075144444443
2025-10-02,87041.9,23168.0,11.090103,189.09485,4.800000000000001,34.13952888937477,-118.25075144444443
2025-10-03,23168.0,81588.5,12.638513,162.29588,5.544444444444444,34.13952888937477,-118.25075144444443
2025-10-04,81588.5,169900.4,12.346741,137.60262,6.9,34.13952888937477,-118.25075144444443
2025-10-05,169900.4,12237.3,10.564941,179.99997,8.55,34.16929637543739,-118.25647037499999
2025-10-06,12237.3,53606.3,12.242646,226.03682,9.2375,34.16929637543739,-118.25647037499999
2025-10-07,53606.3,61193.4,11.161451,255.04982,9.5625,34.16929637543739,-118.25647037499999
2025-10-08,61193.4,83084.4,11.364259,237.4385,8.977777777777778,34.13952888937477,-118.25075144444443
2025-10-09,83084.4,21770.4,13.985663,195.52415,7.2666666666666675,34.13952888937477,-118.25075144444443
2025-10-10,21770.4,14466.4,12.744457,145.2382,7.5,34.13952888937477,-118.25075144444443
2025-10-11,14466.4,15614.5,9.605998,153.76814,8.477777777777778,34.13952888937477,-118.25075144444443
2025-10-12,15614.5,22938.7,9.290511,179.53043,7.577777777777778,34.13952888937477,-118.25075144444443
2025-10-13,22938.7,55040.4,17.974781,136.08792,8.122222222222222,34.13952888937477,-118.25075144444443
2025-10-14,55040.4,27328.6,17.505404,131.64006,3.2333333333333334,34.13952888937477,-118.25075144444443
2025-10-15,27328.6,39019.9,10.739832,213.69048,3.8444444444444437,34.13952888937477,-118.25075144444443
2025-10-16,39019.9,18055.9,6.522361,328.9794,6.633333333333333,34.13952888937477,-118.25075144444443
2025-10-17,18055.9,15866.9,8.027678,290.17694,7.666666666666667,34.13952888937477,-118.25075144444443
2025-10-18,15866.9,10825.9,5.414979,18.859482,7.788888888888888,34.13952888937477,-118.25075144444443
2025-10-19,10825.9,4893.1,7.8954163,190.38882,9.399999999999999,34.13952888937477,-118.25075144444443
2025-10-20,4893.1,15968.6,8.049845,149.7437,10.055555555555555,34.13952888937477,-118.25075144444443
2025-10-21,15968.6,15870.2,12.440851,237.62296,10.255555555555555,34.13952888937477,-118.25075144444443
2025-10-22,15870.2,20265.0,11.53265,163.41562,7.51111111111111,34.13952888937477,-118.25075144444443
2025-10-23,20265.0,17177.1,9.0,70.34617,8.31111111111111,34.13952888937477,-118.25075144444443
2025-10-24,17177.1,16711.0,12.456468,220.23618,12.477777777777778,34.13952888937477,-118.25075144444443
2025-10-25,16711.0,10664.3,8.53815,192.65645,19.211111111111112,34.13952888937477,-118.25075144444443
2025-10-26,10664.3,6523.0,8.587338,230.59933,19.055555555555557,34.13952888937477,-118.25075144444443
2025-10-27,6523.0,19730.0,6.3639607,89.348946,15.722222222222221,34.13952888937477,-118.25075144444443
2025-10-28,19730.0,22399.6,6.384293,286.36496,10.377777777777778,34.13952888937477,-118.25075144444443
2025-10-29,22399.6,15997.6,7.3094187,315.26898,5.777777777777778,34.13952888937477,-118.25075144444443
2025-10-30,15997.6,5464.1,9.796366,8.275885,8.555555555555555,34.13952888937477,-118.25075144444443
2025-10-31,5464.1,5096.8,8.320986,149.84001,11.544444444444444,34.13952888937477,-118.25075144444443
2025-11-01,5096.8,3064.2,7.5019197,204.6984,17.77777777777778,34.13952888937477,-118.25075144444443
2025-11-02,3064.2,1484.2,8.242743,200.44351,18.844444444444445,34.13952888937477,-118.25075144444443
2025-11-03,1484.2,2587.3,6.873078,191.45154,19.266666666666666,34.13952888937477,-118.25075144444443
2025-11-04,2587.3,3123.1,8.534353,192.04561,18.144444444444446,34.13952888937477,-118.25075144444443
2025-11-05,3123.1,13520.0,8.65873,232.12492,8.566666666666666,34.13952888937477,-118.25075144444443
2025-11-06,13520.0,17428.2,8.854829,205.60217,6.944444444444445,34.13952888937477,-118.25075144444443
2025-11-07,17428.2,8436.8,5.0975285,165.0684,9.322222222222223,34.13952888937477,-118.25075144444443
2025-11-08,8436.8,3891.3,5.2939587,109.7469,12.177777777777779,34.13952888937477,-118.25075144444443
2025-11-09,3891.3,3050.6,5.2323985,191.70645,14.022222222222222,34.13952888937477,-118.25075144444443
2025-11-10,3050.6,2572.4,7.596341,267.84702,7.633333333333334,34.13952888937477,-118.25075144444443
2025-11-11,2572.4,7052.9,7.388775,184.81143,9.38888888888889,34.13952888937477,-118.25075144444443
2025-11-12,7052.9,2291.0,8.404285,182.12105,14.155555555555557,34.13952888937477,-118.25075144444443
2025-11-13,2291.0,8246.0,6.7205353,149.3494,11.899999999999999,34.13952888937477,-118.25075144444443
2025-11-14,8246.0,7078.0,11.362834,120.53634,6.588888888888889,34.13952888937477,-118.25075144444443
2025-11-15,7078.0,2867.6,15.696165,112.42593,2.15,34.10904000054663,-118.216045375
2025-11-16,2867.6,4062.8,14.082628,115.03025,2.3444444444444446,34.13952888937477,-118.25075144444443
2025-11-17,4062.8,5401.0,13.15971,114.368095,2.033333333333333,34.13952888937477,-118.25075144444443
2025-11-18,5401.0,3070.3,15.3802595,123.53954,5.455555555555556,34.13952888937477,-118.25075144444443
2025-11-19,3070.3,1692.3,8.738811,199.72249,7.311111111111111,34.13952888937477,-118.25075144444443
2025-11-20,1692.3,5075.6,10.1887,104.77907,6.077777777777778,34.13952888937477,-118.25075144444443
2025-11-21,5075.6,8503.9,19.211996,87.428085,2.5999999999999996,34.13952888937477,-118.25075144444443
2025-11-22,8503.9,3663.6,8.863972,305.4305,6.9222222222222225,34.13952888937477,-118.25075144444443
2025-11-23,3663.6,2803.0,7.814986,13.71221,7.9625,34.17451225043745,-118.257007
2025-11-24,2803.0,4282.3,5.00128,75.00761,10.9625,34.17451225043745,-118.257007
2025-11-25,4282.3,2800.0,4.4456716,338.50784,9.6,34.17451225043745,-118.257007
2025-11-26,2800.0,1611.4,5.0528407,13.434303,5.55,34.17451225043745,-118.257007
2025-11-27,1611.4,475.59999999999997,5.4119864,9.289444,7.4,34.17451225043745,-118.257007
2025-11-28,475.59999999999997,3198.4,5.0688457,77.025894,11.65,34.17451225043745,-118.257007
2025-11-29,3198.4,1962.6,5.414979,94.74285,14.7,34.17451225043745,-118.257007
2025-11-30,1962.6,1754.8,5.068846,130.60121,17.825,34.17451225043745,-118.257007
2025-12-01,1754.8,12143.0,8.163749,77.339424,13.1875,34.17451225043745,-118.257007
2025-12-02,12143.0,16940.3,4.7110505,328.3487,8.95,34.17451225043745,-118.257007
2025-12-03,16940.3,10686.6,10.24578,86.31498,10.666666666666666,34.13952888937477,-118.25075144444443
2025-12-04,10686.6,3693.1,8.211235,1.0229895,5.577777777777778,34.13952888937477,-118.25075144444443
2025-12-05,3693.1,7167.8,7.0934615,348.9965,8.5,34.13952888937477,-118.25075144444443
2025-12-06,7167.8,4162.7,5.1481256,86.378586,14.300000000000002,34.13952888937477,-118.25075144444443
2025-12-07,4162.7,1493.1,3.9477081,13.116481,15.533333333333335,34.13952888937477,-118.25075144444443
2025-12-08,1493.1,2744.1,4.0449963,307.69427,11.022222222222222,34.13952888937477,-118.25075144444443
2025-12-09,2744.1,8057.7,5.5829024,352.1276,6.566666666666666,34.13952888937477,-118.25075144444443
2025-12-10,8057.7,1892.9,4.5572357,354.57196,9.266666666666666,34.13952888937477,-118.25075144444443
2025-12-11,1892.9,6274.2,3.7064266,354.839,11.38888888888889,34.13952888937477,-118.25075144444443
2025-12-12,6274.2,1713.4,3.84796,119.623634,15.455555555555556,34.13952888937477,-118.25075144444443
2025-12-13,1713.4,813.7,4.293669,218.72891,29.35,34.10904000054663,-118.216045375
2025-12-14,813.7,873.1,5.7628117,231.54628,16.166666666666668,34.13952888937477,-118.25075144444443
2025-12-15,873.1,2134.3,3.710795,313.40884,14.922222222222224,34.13952888937477,-118.25075144444443
2025-12-16,2134.3,3532.8,3.9966488,56.68929,19.644444444444442,34.13952888937477,-118.25075144444443
2025-12-17,3532.8,2637.1,9.05205,151.28746,27.188888888888886,34.13952888937477,-118.25075144444443
2025-12-18,2637.1,4067.2,18.335276,357.36325,19.522222222222222,34.13952888937477,-118.25075144444443
2025-12-19,4067.2,6791.1,3.7971041,124.101326,16.62222222222222,34.13952888937477,-118.25075144444443
2025-12-20,6791.1,13152.1,7.458606,114.348274,20.58888888888889,34.13952888937477,-118.25075144444443
2025-12-21,13152.1,2722.6,4.965521,227.96095,21.966666666666665,34.13952888937477,-118.25075144444443
2025-12-22,2722.6,20419.8,7.4520864,205.47493,20.6,34.13952888937477,-118.25075144444443
2025-12-23,20419.8,29754.7,15.077082,127.98286,13.722222222222221,34.13952888937477,-118.25075144444443
2025-12-24,29754.7,47578.4,25.071098,113.15826,5.4625,34.182755875437564,-118.260718
2025-12-25,47578.4,7471.6,15.172407,98.30405,3.05,34.182755875437564,-118.260718
2025-12-26,7471.6,2474.8,15.3686695,100.977585,3.3874999999999997,34.182755875437564,-118.260718
2025-12-27,2474.8,1768.5,7.056826,8.936938,7.2333333333333325,34.13952888937477,-118.25075144444443
2025-12-28,1768.5,12937.0,7.1684303,356.07178,8.88888888888889,34.13952888937477,-118.25075144444443
2025-12-29,12937.0,23825.1,5.994297,178.64682,5.844444444444445,34.13952888937477,-118.25075144444443
2025-12-30,23825.1,11741.300000000001,11.367109,18.083544,4.911111111111111,34.13952888937477,-118.25075144444443
